﻿1,Jessica Lane
2,Robert Colon
3,Caitlin Meyer
4,David Cisneros
5,Amanda Dalton DDS
6,Drew Leonard
7,Michael Stanley
8,Randall Haas
9,Lisa Williams
10,Cesar Everett
11,Jacob Villanueva
12,Joshua Graham
13,Kevin Anthony
14,Danny Gutierrez
15,Jonathan Meyers
16,Kim Wyatt
17,Keith Brooks
18,Ashley Rowe
19,Christopher Aguirre
20,Jessica Gutierrez
21,Donald Williamson
22,Bryan Bryant
23,Matthew Nicholson
24,Karen Bailey
25,Aaron Marquez
26,Francisco Miller
27,Kevin Myers
28,Megan Allen
29,Susan Meyer
30,Amy Burns
31,James Fisher
32,Kimberly Burns
33,Jeremy Schmitt
34,Andrew Smith
35,Amber Davis
36,Jesse Haney
37,Mr. Jeffrey Mason
38,Nicholas Hurst
39,Jessica Banks
40,Brittany Young
41,Melissa Day
42,Sandra Mendoza
43,Tonya Graham
44,Michelle Oneal
45,Thomas Wang
46,Vicki Mitchell
47,Brenda Larson
48,Cheryl Bailey
49,Cory Clark
50,Zachary Clay
51,Patrick Neal
52,Jessica Beck
53,Deborah Diaz
54,Lori Clark
55,Shelly Savage
56,Andrea Henderson
57,Anthony Scott
58,Peter Fuller
59,Michael Hunter
60,Deborah Alexander
61,Nicholas Olson
62,John Castillo
63,Michelle Owen
64,Ricky Oconnell
65,Michelle Jones DVM
66,Alexis Murphy
67,Patrick Bishop
68,Cody Jackson
69,Richard Walls
70,Patrick Bean
71,Kenneth Gonzales
72,Sheila Smith
73,Ryan Andrews
74,Rhonda Gallagher
75,Erin Williams
76,Amber Cunningham
77,Jennifer Burke
78,Christopher Obrien
79,Zoe Johnson
80,Kayla Bailey
81,Kenneth Bailey
82,Sean Mccarthy
83,Miranda Andersen
84,Roger Short
85,Justin Ellis
86,Jeffrey Hernandez
87,Chelsea Walters
88,Vanessa Leon
89,James Williams
90,Eric Dodson
91,Christopher Fields
92,Cody Meza
93,Kyle Patterson
94,Cory Martin
95,Paul Mcdonald
96,Sherry Thompson
97,Lauren Fisher
98,Stacy Myers
99,Tyler Wilson
100,Nathan Collins
101,Matthew Snow
102,Terry Harvey
103,Kim Smith
104,Michael Steele
105,Mark Wells
106,Jennifer Robinson
107,Wayne Lopez
108,Kim Jones
109,Alicia Hood
110,Thomas Acosta
111,Mario Hatfield
112,Daniel Roberts
113,Danielle Sanchez
114,Lauren Barnes
115,Amanda Smith
116,Anthony Townsend
117,Belinda Cruz
118,Jeffrey Stanley
119,Stephanie Arnold
120,James Stevens
121,Andrew Burton
122,Michael Diaz Jr.
123,Christopher Murray
124,Blake Warren
125,Brian Martinez
126,Renee Pacheco
127,Madison Molina
128,Jordan Marquez
129,Lisa Lucas
130,Cindy Torres
131,Jennifer Garrison
132,Michael Wilson
133,Samuel Thompson
134,Alyssa Lynch
135,Steven Petersen
136,Gina Caldwell
137,John Price
138,Donald Lewis
139,Martha Hart
140,Kristie Hernandez
141,Emily Mays
142,Jimmy Nunez
143,Kelly James
144,Rachel Mcintyre
145,Bethany Esparza
146,Jessica Hopkins
147,Sydney Sharp
148,Barry Diaz
149,Eric Brady
150,Jennifer Wolfe
151,Trevor Allen
152,James Roy
153,Melissa Cardenas
154,Tyler Archer
155,Nicole Nash
156,Bianca Douglas
157,Scott Clark
158,Christopher Jackson
159,Daniel Cook
160,Brittney Washington
161,Aaron Craig
162,Paula Mcdowell
163,Miguel Stevens
164,Ashley Roberson
165,Brandon Murray
166,Angel Gray
167,Adam Serrano
168,Laura Lam
169,Tony Mullins
170,Robin Long
171,Zachary Chen
172,Melissa Evans
173,Joanne Perez
174,Mr. Eric Curry DVM
175,Allison Stephens
176,Robin Turner
177,James Martin
178,Alyssa Cunningham
179,Amanda Martin
180,Elizabeth Tate MD
181,Andrew Sanchez
182,Michael Gibson
183,Jason Frazier
184,Christopher Williams
185,Mary Allen
186,Tracy Kennedy
187,Hayley Arnold
188,Melissa Harper
189,Anthony Olson
190,Heather Barber
191,Benjamin Carpenter
192,Erica Gonzalez
193,Ms. Misty Williams
194,Candice Webb
195,James Gibbs
196,Tony Horn
197,Shawn Pierce DVM
198,William Manning DDS
199,Melissa Sanchez DDS
200,Jared Warner
201,Jay Perez
202,David Warner
203,Karen Joseph
204,Rhonda Pham
205,Nancy Daniel
206,Rebecca Lopez
207,Margaret Fernandez
208,Tamara Clarke
209,Stephanie Savage
210,Scott Mercado
211,Tammy Thompson
212,Dana Ross
213,Jennifer Black
214,Anthony Ramsey
215,Donald Graves
216,Kimberly Roth
217,Steve Little
218,Robin Haynes
219,Nicole Cole
220,Jamie Austin
221,Kyle Russell
222,Austin Miller
223,Debra Moore
224,Amy Warner
225,Stephanie Hopkins
226,Jeffrey Baxter
227,Joseph Newton
228,Heather Vargas
229,Gary Jones
230,Zachary Carter
231,William Garcia
232,James Marshall
233,Donald Hernandez
234,Caroline Smith
235,Pamela Ward
236,Caitlin Santana
237,Meagan Williams
238,Caroline Nichols
239,Amy Phillips
240,Olivia Parker
241,Andrea Delgado
242,Sarah Lucas
243,Danielle Patton
244,Laura Adams
245,Amber Shaw
246,Gina Greene
247,George Henry
248,Kimberly Spears
249,Steven Perkins
250,Clayton Mckenzie
251,Jasmine Morris
252,Gerald Davis
253,Jessica Thompson
254,Casey Hobbs
255,Juan Davidson
256,Corey Lam
257,Melissa Martin
258,Terry Lopez
259,Richard Knight
260,Justin Hicks
261,Leslie Hernandez
262,Rebecca Ponce
263,Kenneth Williams
264,Brenda Delgado
265,Karen Levine
266,Keith Farrell
267,Scott Singleton
268,Michael Hill
269,Jorge Dawson
270,Glenn Walker
271,Lauren Parrish
272,Aimee Thomas
273,Dillon Newton
274,Nicholas Skinner MD
275,Daniel Jensen
276,Christina Webster
277,Christopher Stone
278,Sylvia Cruz
279,Kaitlyn Turner
280,Kathleen Zimmerman
281,Stephen Woods
282,Austin Gomez
283,Brian Sweeney
284,Theresa Curtis
285,Carolyn Williams
286,Jason Williams
287,Elizabeth Sparks
288,Samuel Cook
289,Lisa Bishop
290,David Hughes
291,April Perez
292,Roy Graves
293,Mckenzie Johnson
294,Stephen Owens
295,Christopher Durham
296,Isaac Stewart
297,Susan Singh
298,Dominique Reese
299,Amy Berry
300,Amanda Perez
301,Lisa Stephens
302,Jamie Barrett
303,Samantha Myers
304,Sarah Sharp
305,Mary Carter
306,Heather Reed
307,Kathryn Davies
308,Timothy Hayes
309,Joseph Nunez
310,Kevin Kim
311,Austin James
312,Brooke Estes
313,Brian Lopez
314,Sarah Bates
315,Martin Johnson
316,Austin Lambert
317,Deborah Ferrell
318,Sarah Gonzalez
319,Lydia Miller
320,Pamela Gray
321,Benjamin Morrison
322,David Cole
323,Matthew Nguyen
324,Jeffrey Hamilton
325,David Mullins
326,Krystal Griffith
327,Donna Booth
328,Madison Tran
329,Katherine Mckinney
330,Christopher Ryan
331,Brianna Hardy
332,Brian Pacheco
333,Jason Rios
334,Pamela Garcia
335,Eric Cameron
336,Jennifer Campbell
337,Jessica Smith
338,Tanya Wade
339,Andrea Austin
340,Denise Flores
341,Kyle Cooper
342,Megan Gardner
343,Christine King
344,James Gonzales
345,Mrs. Sarah Bass
346,James Johnson
347,Kari Jackson
348,Joan Allen
349,Christopher Allen
350,Mary Garcia
351,Patricia Medina
352,Lisa Parsons
353,Rachel Black
354,Charles Powers
355,Patricia Holland
356,Anthony Banks DDS
357,David Ford
358,Zachary Jones
359,Shelia Brown
360,Jeremy Davila
361,Lauren Brady
362,Ashley Rodriguez
363,Susan Mckinney
364,Carmen Hill
365,Joshua Huber
366,Jeremy Mcdonald
367,Elizabeth Griffin
368,Aaron Fox
369,Leonard Jenkins
370,Edward Huffman
371,Sean Jones
372,Cathy Buckley
373,Ronnie Wang
374,Austin Mann
375,Raven Shelton
376,Jennifer Wong
377,Dorothy Perez
378,Albert Skinner
379,Adam Baker
380,Steven Bell
381,Tara Travis
382,Mary Tran
383,Melissa Garcia
384,Scott Fisher
385,Sarah Barton
386,Felicia Shaw
387,Jessica Andrews
388,Jeffrey Porter
389,James Jones
390,Brenda Higgins
391,William Callahan
392,Dana Davis
393,George Lewis
394,Lisa Wilson
395,Gabriel Sparks
396,Alicia Schmidt
397,Mr. Jeffrey Green
398,Edward Chaney
399,Kenneth Fuentes
400,Julia Joseph
401,Keith Hernandez
402,Rebekah Adams
403,Christina Tyler
404,Craig Harrison
405,Jeffrey Martinez
406,Caitlyn Davis
407,Samantha Guerrero
408,Debbie Cox
409,Elizabeth Richardson
410,Angela Lucas
411,Dennis Cochran
412,Andrea Davis
413,Jeremy Sullivan
414,Jacqueline Hall
415,Whitney Briggs
416,Veronica Floyd
417,Amber Harris
418,Katherine Mathis
419,Jason Jones
420,James Navarro
421,Melissa Graham
422,Nicole Dominguez
423,Scott Cervantes
424,Maria Daniels
425,Billy Davis
426,Danny Vang
427,April Massey
428,Jason Duncan
429,Sean Ellis
430,Stephanie Cook
431,Nicole Ferguson
432,William Cole
433,Luis Young
434,Donald Spencer
435,Andre Horton
436,Adam Hernandez
437,Tammy Haley
438,Jesse Harper
439,Natasha Guerra
440,Joshua Caldwell
441,James Jones
442,Kimberly Wilson
443,Tiffany Woods
444,Lindsey Kelly
445,Victor Pitts
446,Kevin Cook
447,Sandra Morgan
448,Travis Gardner
449,Charles Huffman
450,Brandi Skinner
451,Garrett Kim
452,Jordan James
453,Amy Burns
454,Christopher Brown
455,Cynthia Leonard
456,James Serrano
457,Jesse Griffin
458,Sydney Myers
459,Benjamin Sandoval
460,Allison Mccann
461,Cathy Smith
462,Christopher Moon
463,Michael Alexander
464,Karen Wong
465,Holly Rose DDS
466,Danielle Davis
467,Lisa Harrison
468,Scott Parker
469,Ryan Parker
470,Amy Morris
471,Ryan Ramos
472,Pamela Benson MD
473,Kristina Gibson
474,Francis Romero
475,Justin Ramirez
476,Cheryl Zimmerman
477,Tina Buchanan
478,Christine Williams
479,Sara Day
480,Suzanne Cummings
481,Sheryl Jensen
482,Alexandra Chang
483,William Snow
484,Sandra Davis
485,James Johnson
486,Angela Rivera
487,Joseph Montoya
488,Jason Martinez
489,Kimberly Anderson
490,Carolyn Moore
491,Bonnie Franklin
492,Ashley Grimes
493,Kenneth James
494,Dr. Holly Morris
495,Sherry Nicholson
496,Wanda Sanchez
497,Laura Meyer
498,Robert Holt
499,Terry Jimenez
500,Larry Patterson