﻿1,number investment,Cowpunk,3,36
2,administration,Contemporary R&B,5,13
3,maintain,Experimental Rock,3,52
4,million,Contemporary Gospel,3,52
5,fall,Meditation,3,41
6,talk,Hi-NRG,2,10
7,already,Deep House,2,33
8,might,Cumbia,2,20
9,bag,Hi-NRG,4,15
10,weight seat,New Acoustic,3,23
11,another,Emotional Hardcore,3,26
12,trade,Conjunto,3,8
13,player,Swing,2,22
14,I,Boogie,3,26
15,federal,Background,2,52
16,Republican,Swing,4,16
17,loss,Nature,3,11
18,rich,Christmas: Rock,2,19
19,recently,Conjunto,3,23
20,cell,Indie Folk,3,29
21,should word,Middle of the Road,5,28
22,positive,Sophisti-Pop,3,24
23,analysis about,Conjunto,3,8
24,day,Nature,4,58
25,floor,Contemporary Gospel,3,34
26,history,March,4,49
27,water,Boogie,2,15
28,former,Sophisti-Pop,5,42
29,often,New Mex,3,28
30,job assume,Third Stream,4,37
31,garden,New Acoustic,4,54
32,maybe success,Portuguese fado,5,26
33,edge,Cajun Fiddle Tunes,2,2
34,almost,Contemporary Gospel,3,31
35,fish,Blues-Rock,3,52
36,policy,Cajun Fiddle Tunes,2,42
37,away,Hi-NRG,4,34
38,window,Conjunto,4,54
39,be,Contemporary Singer/Songwriter,4,9
40,if,Nature,2,36
41,young,Boogie,3,23
42,while,Space Age Pop,4,38
43,change white,Cajun Fiddle Tunes,5,49
44,big,Sophisti-Pop,3,28
45,compare,Furniture,5,51
46,cut,J-Ska,4,22
47,lead,Contemporary Gospel,4,26
48,like,Chillwave,3,15
49,responsibility,Portuguese fado,2,17
50,character,Mathcore,2,39
51,nearly,Alternative Rock,2,11
52,treatment,Deep House,3,7
53,example,Contemporary Singer/Songwriter,2,29
54,five,Deep House,4,10
55,recent,Swing,2,41
56,yes,Conjunto,3,52
57,contain,Portuguese fado,4,49
58,control,Classical Crossover,2,30
59,significant foreign,J-Ska,2,14
60,accept,Contemporary Gospel,2,34
61,seem,Meditation,3,2
62,forward floor,Swing,4,5
63,everybody,Contemporary R&B,4,28
64,if citizen,Indie Folk,2,58
65,TRUE,Background,2,31
66,report,Timba,4,57
67,effort,Alternative Rock,2,47
68,network,Deep House,3,58
69,expert,Cajun Fiddle Tunes,3,33
70,meeting,Boogie,2,38
71,money,Experimental Rock,3,4
72,compare,Blues-Rock,3,31
73,represent,Conjunto,2,29
74,water,Blues Rock,3,25
75,career must,Middle of the Road,3,22
76,nothing,Background,2,24
77,might,Christmas: Rock,3,44
78,company,New Mex,3,35
79,let,Swing,4,6
80,just,Hip-Hop,4,53
81,also,Timba,5,55
82,able,Nature,4,28
83,movement anything,Boogie,2,5
84,civil,Portuguese fado,3,6
85,political,Cowpunk,5,29
86,these,Cowpunk,2,51
87,machine learn,New Mex,2,27
88,simple two,Portuguese fado,3,21
89,she,Blues Rock,4,16
90,water,Sophisti-Pop,4,50
91,save,Reggae en Español,3,29
92,land,Conjunto,3,21
93,rate,Blues Rock,4,33
94,travel child,Timba,5,15
95,future,Third Stream,3,39
96,alone,Boogie,3,43
97,deal,Alternative Rock,2,41
98,west,Contemporary Singer/Songwriter,3,37
99,parent,Classical Crossover,3,53
100,production,Cumbia,2,30
101,agent bring,Alternative Rock,3,18
102,learn,Swing,2,54
103,town,Middle of the Road,3,15
104,serious,Glitch Hop,3,18
105,visit,Sludge,2,5
106,any,Christmas: Rock,3,38
107,white,Middle of the Road,3,35
108,speak,Louisiana Swamp Pop,4,6
109,technology,Blues Rock,2,18
110,commercial,Sophisti-Pop,3,42
111,me,Cumbia,2,9
112,herself,Swing,2,38
113,institution,Classical Crossover,4,58
114,skin worry,New Acoustic,4,11
115,base,Christmas: Rock,2,37
116,day,Classical Crossover,5,27
117,despite,Chillwave,3,6
118,return,Deep House,3,19
119,very,Electro-Industrial,3,29
120,travel,Swing,2,47
121,seem still,Cowpunk,2,46
122,land,Deep House,5,28
123,red,Conjunto,2,47
124,new entire,Mathcore,4,23
125,business,Mathcore,2,40
126,stay,Cumbia,2,40
127,account,Sludge,3,13
128,language,Mathcore,4,39
129,issue,Conjunto,4,55
130,idea,Chillwave,3,55
131,task,Contemporary Singer/Songwriter,2,41
132,decision,March,3,4
133,sport,Sophisti-Pop,2,27
134,subject,Stand-up Comedy,3,5
135,than,Alternative Rock,2,3
136,girl growth,Nature,2,27
137,song,Timba,2,12
138,production,J-Ska,3,47
139,fear,Sludge,4,29
140,run,Third Stream,3,18
141,move,Soul Blues,3,31
142,movement,Contemporary R&B,3,58
143,everyone,Contemporary Gospel,5,25
144,kid game,Conjunto,4,46
145,factor,Death Metal,2,30
146,town table,Sludge,3,37
147,media,Swing,3,5
148,road,Timba,2,34
149,service,Conjunto,3,23
150,suddenly,Stand-up Comedy,3,46
151,interview,Mathcore,4,58
152,student,March,3,10
153,player,J-Ska,4,26
154,service,Mathcore,3,36
155,assume suggest,Boogie,2,53
156,follow,Sophisti-Pop,4,1
157,perhaps,Blues-Rock,4,20
158,reach,Indie Folk,4,20
159,back,Conjunto,3,47
160,industry,Cowpunk,2,39
161,hour,Indie Folk,4,18
162,police,New Mex,2,11
163,effect,Timba,3,10
164,foot,Contemporary Gospel,3,6
165,only,Sophisti-Pop,3,50
166,technology,Stand-up Comedy,2,59
167,argue,Contemporary R&B,3,14
168,over,Boogie,3,47
169,back,Boogie,3,26
170,court occur,Background,3,28
171,who,Alternative Rock,5,51
172,TRUE,Louisiana Swamp Pop,2,37
173,admit,Conjunto,5,25
174,defense,New Acoustic,2,21
175,thus,Conjunto,2,56
176,paper,Electro-Industrial,2,12
177,mission special,Conjunto,3,48
178,spend,Meditation,4,53
179,general,Conjunto,4,55
180,answer realize,J-Ska,4,3
181,although,Contemporary R&B,3,36
182,history,Swing,3,55
183,worry,Death Metal,4,25
184,garden,Timba,3,38
185,pull,Contemporary R&B,4,10
186,spring,Sophisti-Pop,2,10
187,buy,Nature,2,38
188,strategy,March,2,55
189,hair,Space Age Pop,3,10
190,allow,Background,2,46
191,will,Contemporary R&B,3,34
192,much,Soul Blues,2,51
193,happy,Space Age Pop,3,5
194,however official,Nature,2,22
195,as,Blues Rock,2,9
196,window,J-Ska,2,55
197,light,Stand-up Comedy,4,45
198,market,Contemporary Gospel,3,39
199,live,Cajun Fiddle Tunes,3,46
200,letter,Meditation,3,38
201,compare station,Louisiana Swamp Pop,3,52
202,thank,Sludge,2,21
203,operation,Cumbia,4,32
204,low,Hip-Hop,3,24
205,day,Conjunto,2,6
206,lead,Emotional Hardcore,3,41
207,claim,Louisiana Swamp Pop,5,2
208,work,Mathcore,4,55
209,culture,Swing,3,40
210,protect,Electro-Industrial,3,12
211,over,Mathcore,4,27
212,where,Soul Blues,3,50
213,wear,Contemporary Gospel,2,23
214,next whether,New Acoustic,4,38
215,area,Blues-Rock,2,10
216,foreign,New Mex,2,14
217,appear,Stand-up Comedy,5,37
218,computer player,Alternative Rock,3,23
219,think,Furniture,2,11
220,five,Alternative Rock,3,54
221,and,Portuguese fado,5,25
222,piece,Deep House,5,48
223,laugh,Portuguese fado,4,4
224,hair,Louisiana Swamp Pop,2,48
225,day,Blues-Rock,3,31
226,commercial,New Acoustic,2,10
227,into,Cowpunk,2,51
228,soldier,Timba,2,29
229,wait foreign,Cajun Fiddle Tunes,4,2
230,consumer,Boogie,2,53
231,until,Space Age Pop,4,11
232,party,Hip-Hop,4,45
233,kitchen,Contemporary Singer/Songwriter,4,9
234,must,Glitch Hop,3,41
235,voice,Furniture,2,44
236,including,Blues-Rock,3,6
237,industry,Conjunto,2,52
238,brother blood,Meditation,3,46
239,purpose,Stand-up Comedy,2,19
240,several,Furniture,4,18
241,none,Contemporary R&B,2,41
242,time,Stand-up Comedy,2,57
243,bit,New Mex,4,22
244,street miss,Portuguese fado,2,30
245,political,Blues-Rock,4,15
246,mouth activity,Swing,4,10
247,research,Furniture,3,24
248,rule,Furniture,3,14
249,bill,Furniture,2,32
250,public,Conjunto,3,48
251,listen officer,Sophisti-Pop,2,25
252,pass,Hi-NRG,2,13
253,field,Louisiana Swamp Pop,2,22
254,attorney third,Blues Rock,3,39
255,training,Hip-Hop,2,35
256,nice,Blues-Rock,3,1
257,bad,Death Metal,2,25
258,talk,Contemporary Gospel,2,2
259,adult,Boogie,2,41
260,third,Emotional Hardcore,3,27
261,ground,Boogie,2,53
262,why,Contemporary Singer/Songwriter,3,11
263,short,Cowpunk,2,3
264,her,Hi-NRG,3,20
265,personal would,Background,2,10
266,after,Deep House,2,13
267,care,Contemporary Singer/Songwriter,3,18
268,tend,Indie Folk,4,12
269,employee,Hip-Hop,4,57
270,employee,Contemporary Singer/Songwriter,2,24
271,possible,Boogie,2,34
272,pattern,Swing,3,38
273,industry necessary,New Mex,2,1
274,car,Boogie,3,0
275,candidate,Portuguese fado,4,1
276,this,Contemporary Singer/Songwriter,4,3
277,rate should,Reggae en Español,2,11
278,capital,Christmas: Rock,2,44
279,image,Conjunto,2,4
280,address,Background,2,42
281,leader,New Acoustic,3,47
282,recently,New Acoustic,3,11
283,probably,Electro-Industrial,5,26
284,week,Alternative Rock,2,3
285,ok,Middle of the Road,2,10
286,argue,Blues-Rock,3,44
287,however,Conjunto,3,37
288,learn from,Soul Blues,2,2
289,human least,Blues-Rock,2,45
290,sell,Glitch Hop,4,23
291,reduce,Experimental Rock,3,4
292,chair,Classical Crossover,2,16
293,environment,Cumbia,3,11
294,benefit,Sophisti-Pop,3,29
295,add,Contemporary Singer/Songwriter,4,9
296,fall,Cowpunk,5,5
297,where,Portuguese fado,2,33
298,final short,New Mex,3,34
299,camera,Conjunto,3,18
300,season,Blues-Rock,3,39
301,surface,Contemporary Singer/Songwriter,4,21
302,take,Contemporary Gospel,3,0
303,office play,Sludge,3,48
304,nation,Christmas: Rock,3,27
305,type,Indie Folk,3,32
306,child,American Folk Revival,3,45
307,arrive argue,Alternative Rock,3,3
308,race,Cowpunk,2,13
309,movie degree,Mathcore,2,19
310,team success,Hip-Hop,3,9
311,town,Blues Rock,4,1
312,house,Third Stream,3,33
313,relationship,Conjunto,4,45
314,break federal,Portuguese fado,3,54
315,major,Contemporary R&B,3,11
316,well,Conjunto,5,40
317,chance,Cajun Fiddle Tunes,3,1
318,interesting,Boogie,3,38
319,child prevent,Conjunto,5,44
320,that,Conjunto,2,52
321,spring,Deep House,4,11
322,full protect,Middle of the Road,3,9
323,animal,Space Age Pop,2,31
324,performance,Christmas: Rock,2,24
325,compare,Sophisti-Pop,2,30
326,science,Timba,3,17
327,word manager,Background,4,22
328,president none,Emotional Hardcore,4,54
329,news chance,Contemporary Singer/Songwriter,3,41
330,well school,Hip-Hop,4,20
331,case,Boogie,3,3
332,leader purpose,Christmas: Rock,2,33
333,nearly,Nature,2,3
334,husband,Swing,2,39
335,stand,Deep House,4,58
336,stop,Contemporary R&B,3,5
337,white,Glitch Hop,3,44
338,set,Conjunto,2,2
339,care,Boogie,3,2
340,action,Portuguese fado,2,59
341,history,New Mex,4,27
342,do,Cajun Fiddle Tunes,4,42
343,mean,New Mex,3,53
344,not product,Meditation,3,59
345,believe,March,2,6
346,attack hand,Timba,5,29
347,later,Mathcore,4,19
348,cost,Mathcore,2,47
349,card,Electro-Industrial,4,48
350,professor,Conjunto,2,25
351,myself music,Chillwave,2,43
352,week drop,Furniture,3,9
353,this,Hi-NRG,5,24
354,design middle,Reggae en Español,2,31
355,rich,Swing,2,53
356,television,Stand-up Comedy,3,42
357,imagine,Glitch Hop,4,50
358,cut,Electro-Industrial,4,4
359,movement see,Alternative Rock,3,54
360,police,Glitch Hop,4,37
361,nothing,Hip-Hop,3,8
362,away,Swing,3,42
363,individual,Boogie,2,29
364,behavior,Timba,3,54
365,determine,Nature,3,0
366,look,Boogie,3,11
367,professional happen,March,3,40
368,despite,Conjunto,2,15
369,free open,Background,2,9
370,artist,Indie Folk,2,31
371,keep,New Mex,2,22
372,growth,Glitch Hop,5,0
373,gas,Blues-Rock,2,43
374,finally,Deep House,3,32
375,water,Hi-NRG,3,49
376,say,Louisiana Swamp Pop,3,56
377,per,Furniture,2,3
378,investment,Boogie,2,45
379,federal,Sludge,3,29
380,conference,Conjunto,3,55
381,thank,Soul Blues,3,7
382,vote,Electro-Industrial,3,53
383,kid,Furniture,4,27
384,best,Timba,3,7
385,maintain,Nature,4,10
386,understand,Emotional Hardcore,3,50
387,back,Hi-NRG,3,52
388,human,Glitch Hop,2,34
389,be,Deep House,3,0
390,nature,Mathcore,3,52
391,shake,Hip-Hop,2,35
392,ever,Background,3,36
393,meeting,Middle of the Road,4,57
394,treatment,Soul Blues,3,5
395,know,American Folk Revival,2,7
396,some,Conjunto,4,26
397,today,Blues Rock,4,30
398,teacher,Blues Rock,2,14
399,indeed,Nature,5,57
400,agency,Glitch Hop,4,28
401,low,Mathcore,2,40
402,nothing manage,J-Ska,5,26
403,fire,Boogie,3,35
404,realize,Portuguese fado,4,9
405,little,American Folk Revival,2,10
406,dream,Conjunto,2,30
407,money,Conjunto,4,36
408,life few,Sophisti-Pop,5,47
409,ok,Timba,3,58
410,line,Contemporary Gospel,2,38
411,song,Background,2,1
412,month,Cajun Fiddle Tunes,3,34
413,hold,Sophisti-Pop,3,40
414,sea,New Acoustic,3,52
415,less contain,Classical Crossover,4,14
416,health civil,Timba,4,49
417,strategy must,Background,3,51
418,these,Portuguese fado,5,54
419,alone,Sophisti-Pop,3,3
420,community,Sludge,2,26
421,sort,Boogie,3,19
422,community,Experimental Rock,4,49
423,deal,Conjunto,3,1
424,concern,Boogie,2,29
425,former,Meditation,4,2
426,mother,Contemporary R&B,4,15
427,along center,Soul Blues,4,31
428,long,Nature,3,49
429,he,Hip-Hop,2,1
430,inside quite,March,4,16
431,adult,Cumbia,5,9
432,especially,Death Metal,2,2
433,chance,Blues Rock,3,41
434,rich,Soul Blues,2,42
435,war,Electro-Industrial,4,15
436,building,New Acoustic,2,32
437,require upon,Deep House,2,49
438,she go,New Acoustic,3,35
439,last,Cumbia,3,49
440,treatment,Soul Blues,3,44
441,forget star,Reggae en Español,2,27
442,arrive,Space Age Pop,2,6
443,meet,Contemporary Singer/Songwriter,2,42
444,several,New Mex,4,45
445,here,Louisiana Swamp Pop,4,31
446,she,Sophisti-Pop,3,27
447,market,Contemporary R&B,3,22
448,available,Alternative Rock,3,10
449,partner,Middle of the Road,3,12
450,near focus,Hip-Hop,2,12
451,accept,Soul Blues,3,46
452,pay,Third Stream,2,27
453,shake,Christmas: Rock,2,49
454,and,New Acoustic,2,48
455,significant,Death Metal,2,10
456,color,Background,3,50
457,meeting,J-Ska,3,23
458,indeed,Contemporary Gospel,3,7
459,improve,Contemporary Gospel,2,15
460,street,Alternative Rock,2,12
461,well,Blues Rock,5,36
462,to,Timba,2,4
463,million,Cowpunk,3,52
464,under,Blues-Rock,3,3
465,often,Swing,2,53
466,truth major,Experimental Rock,5,49
467,six,Swing,2,58
468,reason,Conjunto,3,39
469,safe,Louisiana Swamp Pop,3,5
470,each positive,Third Stream,2,10
471,listen,Electro-Industrial,3,25
472,wall,Boogie,2,45
473,opportunity,Space Age Pop,4,12
474,rich,Christmas: Rock,3,27
475,record itself,J-Ska,4,12
476,during,Deep House,2,46
477,scientist,Alternative Rock,3,54
478,they,Space Age Pop,3,23
479,medical,Reggae en Español,4,53
480,seem,Swing,2,8
481,senior space,Stand-up Comedy,3,51
482,number sure,Conjunto,3,3
483,role mission,Cowpunk,4,50
484,cultural,Portuguese fado,4,12
485,bad hour,Third Stream,3,43
486,now,Background,2,0
487,PM,Mathcore,2,32
488,why,Stand-up Comedy,3,14
489,strategy,Portuguese fado,2,57
490,rock,Conjunto,2,45
491,wear,Nature,2,36
492,try,Conjunto,3,59
493,foreign team,Space Age Pop,5,56
494,wide,Furniture,3,37
495,yeah,Louisiana Swamp Pop,3,59
496,produce,Cowpunk,2,11
497,such,Stand-up Comedy,3,51
498,manager,Swing,5,15
499,how,Louisiana Swamp Pop,3,25
500,leg blood,Blues-Rock,3,38